ID,Desa/Kelurahan,produksi_beras,produksi_singkong,produksi_jagung,produksi_umbi,konsumsi_beras,konsumsi_singkong,konsumsi_jagung,konsumsi_umbi
22180,Lolong,10.0,0.0,0.0,0.0,154.85714285714286,58.09002919035182,24.0,15.325670498084293
22190,Paubokol,80.0,750.0,1000.0,0.0,4457.142857142857,0.0,0.0,0.0
22195,Paubokol,100.0,0.0,150.0,0.0,2685.7142857142853,1800.0,0.0,0.0
22200,Paubokol,560.0,300.0,200.0,200.0,11920.0,2400.0,2400.0,2400.0
22205,Paubokol,400.0,600.0,50.0,20.0,7771.428571428571,4800.0,600.0,240.0
22206,Paubokol,0.0,0.0,0.0,0.0,0.0,0.0,0.0,0.0
22208,Paubokol,300.0,300.0,120.0,120.0,4742.857142857143,4320.0,1440.0,1440.0
22210,Paubokol,500.0,300.0,0.0,0.0,7485.714285714286,3600.0,189.89845707503628,0.0
22223,Paubokol,600.0,200.0,60.0,0.0,11314.285714285714,2400.0,720.0,0.0
22226,Paubokol,280.0,80.0,90.0,10.0,10788.571428571428,960.0,1080.0,0.0
22227,Paubokol,400.0,60.0,30.0,0.0,9542.857142857141,720.0,360.0,0.0
22233,Paubokol,0.0,0.0,0.0,0.0,0.0,0.0,0.0,0.0
22236,Paubokol,320.0,200.0,50.0,0.0,6571.428571428571,2400.0,600.0,0.0
22238,Paubokol,240.0,200.0,60.0,60.0,7337.142857142857,2400.0,720.0,720.0
22244,Paubokol,200.0,200.0,300.0,0.0,8342.857142857141,2400.0,3600.0,0.0
22245,Paubokol,0.0,0.0,0.0,0.0,0.0,0.0,0.0,0.0
22253,Paubokol,0.0,0.0,0.0,0.0,2971.4285714285716,0.0,949.4922853751813,0.0
22259,Duawutun,,,,,,0.0,0.0,0.0
22260,Duawutun,40.0,36.0,60.0,0.0,285.73333333333335,0.0,0.0,0.0
22262,Duawutun,20.0,15.0,15.0,0.0,,,,
22272,Duawutun,10.0,1.0,10.0,,120.0,12.0,120.0,
22297,Balauring,0.0,0.0,1500.0,0.0,4571.428571428572,0.0,2880.0,0.0
22298,Balauring,,,3000.0,,22857.14285714286,884.928560454755,3600.0,
22300,Balauring,,,,,3885.7142857142853,884.928560454755,1898.9845707503625,
22301,Balauring,300.0,475.0,950.0,,457.1428571428571,,1440.0,
22303,Balauring,,,480.0,,4857.142857142857,,3600.0,
22309,Balauring,,50.0,800.0,,8571.428571428572,,3600.0,
22325,Labalimut,0.0,0.0,0.0,0.0,185.71428571428572,0.009218005838070364,0.007912435711459845,61.30268199233717
22326,Labalimut,180.0,60.0,36.0,24.0,262.8571428571429,24.0,24.0,0.0
22327,Labalimut,720.0,0.0,0.0,0.0,202.85714285714286,92.18005838070364,31.649742845839377,0.0
22328,Labalimut,0.0,24.0,12.0,12.0,152.38095238095238,24.0,60.0,24.0
22329,Labalimut,0.0,500.0,97.0,60.0,304.76190476190476,120.0,324.0,72.0
22330,Labalimut,600.0,120.0,1200.0,0.0,120.0,60.0,60.0,0.0
22332,Nubamado,400.0,0.0,300.0,40.0,2400.0,0.0,3600.0,480.0
22334,Nubamado,150.0,30.0,0.0,0.0,137.14285714285714,360.0,1519.1876566002902,0.0
22335,Nubamado,150.0,20.0,25.0,5.0,2542.8571428571427,240.0,300.0,60.0
22336,Nubamado,100.0,100.0,320.0,0.0,3154.2857142857147,144.0,432.0,0.0
22338,Nubamado,0.0,0.0,0.0,0.0,8800.0,2212.3214011368873,0.0,76.62835249042146
22339,Nubamado,250.0,20.0,100.0,5.0,4238.0952380952385,240.0,1200.0,60.0
22340,Nubamado,0.0,0.0,30.0,0.0,0.0,0.0,360.0,0.0
22342,Nubamado,13.0,20.0,50.0,0.0,7584.571428571428,240.0,600.0,0.0
22343,Nubamado,0.0,50.0,0.0,0.0,5142.857142857143,784.3601167614072,0.0,0.0
22344,Nubamado,0.0,210.0,150.0,0.0,8000.0,2520.0,1800.0,0.0
22345,Nubamado,96.0,0.0,15.0,0.0,2580.5714285714284,0.0,180.0,0.0
22346,Nubamado,240.0,12.0,0.0,0.0,2880.0,144.0,0.0,0.0
22347,Nubamado,100.0,20.0,50.0,0.0,2742.857142857143,240.0,600.0,0.0
22348,Nubamado,,,,,2971.4285714285716,92.18005838070364,0.0,76.62835249042146
22349,Nubamado,20.0,60.0,50.0,0.0,549.5238095238096,720.0,600.0,0.0
22350,Nubamado,50.0,0.0,400.0,0.0,9188.57142857143,0.0,1669.4922853751814,0.0
22351,Nubamado,10.0,30.0,20.0,0.0,3428.5714285714284,360.0,240.0,0.0
22352,Nubamado,100.0,50.0,10.0,0.0,3428.5714285714284,600.0,499.79691415007255,0.0
22353,Nubamado,50.0,15.0,100.0,0.0,1285.7142857142858,180.0,1200.0,0.0
22354,Nubamado,0.0,0.0,600.0,0.0,2514.285714285714,0.0,7200.0,0.0
22355,Nubamado,450.0,100.0,750.0,20.0,13371.42857142857,1200.0,8400.0,240.0
22356,Nubamado,1000.0,0.0,0.0,0.0,12495.238095238095,0.0,0.0,0.0
22358,Nubamado,10.0,10.0,20.0,0.0,1485.7142857142858,0.0,0.0,0.0
22362,Balauring,,,,,5828.571428571428,,,
22363,Balauring,,,400.0,50.0,9285.714285714286,,1733.810892786496,
22364,Balauring,,100.0,500.0,20.0,6857.142857142857,,360.0,
22365,Labalimut,240.0,60.0,60.0,0.0,240.0,60.0,0.0,0.0
22366,Balauring,,,,,4285.714285714286,221.23214011368876,379.79691415007255,
22367,Labalimut,120.0,0.0,60.0,0.0,262.8571428571429,0.0,24.0,0.0
22368,Labalimut,0.0,0.0,0.0,0.0,348.57142857142856,133.7440467045629,60.0,60.0
22369,Balauring,,,200.0,,4285.714285714286,,720.0,72.0
22370,Balauring,,,100.0,,4285.714285714286,,,
22371,Labalimut,125.0,2400.0,1200.0,0.0,240.0,60.0,60.0,0.0
22372,Labalimut,0.0,0.0,60.0,0.0,392.38095238095235,60.0,96.0,24.0
22373,Labalimut,80.0,20.0,100.0,0.0,382.8571428571429,12.0,60.0,12.0
22374,Labalimut,200.0,100.0,120.0,0.0,566.6666666666666,60.0,24.0,0.0
22377,Labalimut,0.0,0.0,0.0,0.0,142.85714285714286,48.0,60.0,0.0
22378,Labalimut,50.0,0.0,60.0,0.0,212.38095238095235,24.0,0.0,0.0
22379,Labalimut,0.0,600.0,600.0,0.0,571.4285714285714,48.0,48.0,0.0
22380,Pada,0.0,2.0,6.0,0.0,142.85714285714286,48.0,48.0,0.0
22381,Pada,0.0,0.0,0.0,0.0,544.7619047619047,115.30803502842218,83.73730713437953,0.0
22390,Balauring,,,500.0,,8571.428571428572,,1440.0,
22391,Balauring,,,,,8571.428571428572,,949.4922853751813,
22392,Balauring,,,200.0,,12857.142857142855,720.0,1440.0,
22393,Balauring,,,,,2914.285714285714,737.4404670456291,2160.0,
22394,Balauring,,,60.0,,3428.5714285714284,110.61607005684438,1440.0,
22395,Balauring,,,,,971.4285714285713,368.72023352281457,2160.0,
22396,Labalimut,0.0,36.0,0.0,0.0,142.85714285714286,24.0,0.0,0.0
22397,Labalimut,144.0,120.0,600.0,0.0,286.8571428571429,120.0,120.0,0.0
22398,Labalimut,,,,,190.47619047619048,0.0,0.0,0.0
22399,Labalimut,0.0,48.0,48.0,0.0,266.66666666666663,48.0,48.0,0.0
22411,Labalimut,250.0,120.0,170.0,0.0,240.0,60.0,108.0,0.0
22414,Dikesare,0.0,0.0,0.0,0.0,533.3333333333333,24.0,31.649742845839377,30.651340996168585
22415,Tubuk Rajan,,,,,285.7142857142857,,94.94922853751814,
22420,Tubungwalang,,60.0,1100.0,10.0,2857.1428571428573,2880368.720233523,8400000.0,1200306.5134099617
22424,Benihading,2.5,8.3,33.3,0.0,525.7142857142858,24.0,120.0,0.0
22440,Todanara,4.1,0.0,10.0,0.0,742.8571428571429,0.0,120.0,0.0
22441,Todanara,10.0,0.0,0.0,0.0,262.8571428571429,24.0,0.0,0.0
22442,Todanara,0.0,0.0,250.0,0.0,666.6666666666667,120.0,600.0,0.0
22443,Todanara,0.0,0.0,50.0,0.0,285.7142857142857,120.0,600.0,0.0
22446,Duawutun,70.0,0.0,0.0,0.0,106.66666666666667,0.0,0.0,0.0
22447,Bour,20.0,0.0,200.0,0.0,240.0,0.0,24.0,0.0
22456,Duawutun,20.0,0.0,0.0,0.0,278.0952380952381,0.0,0.0,0.0
22457,Duawutun,0.0,30.0,20.0,0.0,571.4285714285714,0.0,0.0,0.0
22458,Duawutun,0.0,0.0,300.0,0.0,0.0,0.0,4800.0,0.0
22459,Duawutun,0.0,0.0,0.0,0.0,525.7142857142858,0.0,0.0,0.0
22460,Duawutun,0.0,0.0,0.0,0.0,714.2857142857143,0.0,395.6217855729923,38.31417624521073
22461,Duawutun,0.0,8.0,15.0,0.0,190.47619047619048,72.0,180.0,72.0
22462,Duawutun,50.0,0.0,10.0,1.0,1763.8095238095239,0.0,143.73730713437953,27.32567049808429
22463,Mahal,0.0,10.0,300.0,0.0,285.7142857142857,12.0,3600.0,0.0
22464,Duawutun,400.0,5.0,2020.0,0.0,619.047619047619,0.0,0.0,0.0
22465,Duawutun,0.0,0.0,0.0,0.0,285.7142857142857,0.0,0.0,0.0
22466,Duawutun,20.0,0.0,1.0,1.0,240.0,0.0,0.0,0.0
22467,Duawutun,0.0,0.0,0.0,0.0,990.4761904761906,147.48809340912584,79.12435711459844,122.60536398467434
22468,Duawutun,0.0,0.0,0.0,0.0,0.0,0.0,0.0,0.0
22471,Duawutun,25.0,0.0,4.0,10.0,571.4285714285714,737.4404670456291,0.0,0.0
22473,Duawutun,0.0,0.0,0.0,0.0,495.2380952380953,0.0,31.649742845839377,0.0
22474,Duawutun,0.0,0.0,0.0,0.0,142.85714285714286,0.0,0.0,0.0
22475,Duawutun,50.0,0.0,5.0,0.0,1428.5714285714287,0.0,0.0,0.0
22479,Duawutun,1200.0,0.0,5.0,0.0,285.7142857142857,0.0,0.0,0.0
22480,Duawutun,,,,,142.85714285714286,0.0,0.0,0.0
22481,Duawutun,10.0,,1.0,1.0,142.85714285714286,0.0,0.0,0.0
22482,Duawutun,,,,,285.7142857142857,0.0,0.0,0.0
22483,Dikesare,0.0,0.0,0.0,0.0,666.6666666666667,48.0,48.0,0.0
22484,Duawutun,0.0,3.0,9.0,0.0,247.61904761904765,60.0,108.0,0.0
22485,Duawutun,0.0,0.0,0.0,0.0,428.57142857142856,0.0,0.0,0.0
22486,Duawutun,10.0,0.0,0.0,0.0,1000.0,0.0,0.0,0.0
22487,Duawutun,,,,,190.47619047619048,0.0,0.0,0.0
22488,Duawutun,0.0,0.0,1.0,0.0,240.57142857142856,0.0,12.0,0.0
22493,Labalimut,0.0,0.0,0.0,0.0,152.38095238095238,0.0,0.0,0.0
22497,Pada,0.0,5.0,25.0,0.0,137.14285714285714,60.0,300.0,0.0
22498,Labalimut,40.0,20.0,55.0,0.0,382.8571428571429,60.0,24.0,0.0
22500,Dulitukan,,,170.0,,242.85714285714283,,1200.0,
22502,Nubamado,0.0,120.0,0.0,0.0,2525.714285714286,1532.1800583807035,189.89845707503628,0.0
22503,Pada,0.0,50.0,500.0,0.0,731.4285714285713,48.0,111.82487142291968,66.65134099616859
22504,Pada,0.0,6.0,40.0,0.0,61.90476190476191,48.0,60.0,0.0
22508,Riangbao,0.0,0.0,0.0,0.0,128.57142857142856,120.0,60.0,0.0
22509,Riangbao,,,,,248.57142857142858,,60.0,
22510,Riangbao,,,,,257.1428571428571,,,
22511,Riangbao,,,,,333.33333333333337,0.0,0.0,0.0
22512,Riangbao,,,,,666.6666666666667,,63.299485691678754,
22513,Riangbao,0.0,200.0,500.0,0.0,514.2857142857142,300.0,120.0,0.0
22514,Riangbao,,,,,257.1428571428571,120.0,240.0,
22515,Riangbao,0.0,50.0,50.0,,243.8095238095238,,,
22516,Riangbao,0.0,0.0,0.0,0.0,257.1428571428571,,,
22517,Riangbao,,,250.0,,159.80952380952382,12.0,31.649742845839377,12.0
22518,Riangbao,,,,,164.57142857142856,,,
22519,Riangbao,,,1000.0,,36.04761904761905,,36.0,36.0
22522,Riangbao,,,,,666.6666666666667,,63.299485691678754,
22523,Riangbao,,10.0,20.0,,0.023809523809523808,120.0,240.0,
22524,Riangbao,,,,,0.3857142857142857,,60.0,
22525,Riangbao,,,,,642.8571428571429,,,
22526,Riangbao,,500.0,500.0,,36.00952380952381,192.0,48.0,45.97701149425287
22527,Riangbao,,50.0,12.0,,293.1428571428571,600.0,144.0,
22529,Riangbao,,160.0,180.0,,385.7142857142858,,240.0,
22530,Riangbao,,100.0,500.0,,578.8571428571429,36.0,36.0,
22531,Riangbao,,,,,293.1428571428571,36.0,36.0,36.0
22532,Riangbao,,,,,128.57142857142856,,,
22534,Riangbao,,250.0,500.0,,729.5238095238095,1200.0,96.0,127.95402298850576
22535,Riangbao,,,,,19.047619047619047,,360.0,
22536,Riangbao,,,,,293.1428571428571,36.0,36.0,36.0
22538,Balauring,,,,,7428.571428571428,,189.89845707503628,
22540,Balauring,,,,,4285.714285714286,,189.89845707503628,
22541,Balauring,,,,,4285.714285714286,,1898.9845707503625,
22542,Muruona,0.0,40.0,20.0,0.0,7123.809523809523,480.0,240.0,0.0
22543,Balauring,,,,,5142.857142857143,221.23214011368876,2848.476856125544,
22544,Balauring,,,,,8571.428571428572,,1898.9845707503625,
22545,Muruona,,,,,13171.428571428572,0.0,720.0,0.0
22546,Riangbao,10.0,0.0,0.0,0.0,253.33333333333331,0.0,0.0,0.0
22547,Balauring,,,,,5142.857142857143,,189.89845707503628,
22548,Muruona,0.0,0.0,0.0,0.0,1274.2857142857142,0.0,0.0,0.0
22549,Balauring,,,,,8571.428571428572,,379.79691415007255,
22550,Balauring,,,,,8571.428571428572,221.23214011368876,189.89845707503628,
22551,Muruona,0.0,20.0,0.0,0.0,2971.4285714285716,240.0,1068.0,0.0
22553,Pada,0.0,5.0,150.0,0.0,247.61904761904765,60.0,60.0,0.0
22559,Pada,0.0,0.0,0.0,0.0,428.57142857142856,36.87202335228146,0.0,0.0
22560,Muruona,0.0,50.0,25.0,0.0,3200.0,600.0,584.8476856125544,0.0
22561,Pada,0.0,10.0,250.0,0.0,142.85714285714286,212.18005838070366,151.64974284583937,0.0
22566,Paubokol,50.0,100.0,60.0,80.0,5057.142857142857,1200.0,720.0,960.0
22567,Dulitukan,,,0.0,,85.71428571428572,,,
22568,Paubokol,0.0,0.0,0.0,0.0,1485.7142857142858,0.0,0.0,0.0
22569,Nubamado,300.0,50.0,200.0,0.0,3428.5714285714284,442.4642802273775,2880.0,183.90804597701148
22570,Kalikur,0.0,0.0,150.0,0.0,809.5238095238094,0.0,1800.0,15.325670498084293
22571,Bour,70.0,1.0,70.0,1.0,1142.857142857143,6.0,61.64974284583937,61.30268199233717
22572,Nubamado,250.0,48.0,100.0,0.0,3666.6666666666665,576.0,1200.0,0.0
22573,Bour,0.0,100.0,100.0,0.0,619.047619047619,240.0,960.0,0.0
22574,Pada,0.0,100.0,100.0,0.0,238.0952380952381,24.0,120.0,0.0
22575,Pada,0.0,0.0,0.0,0.0,266.66666666666663,92.18005838070364,0.0,30.651340996168585
22576,Muruona,0.0,0.0,100.0,0.0,6800.0,0.0,12000.0,0.0
22578,Kalikur,0.0,0.0,200.0,0.0,142.85714285714286,0.0,1279.1243571145985,15.325670498084293
22579,Pada,0.0,0.0,0.0,0.0,457.1428571428571,0.0,0.0,0.0
22580,Tubungwalang,20.0,10.0,100.0,10.0,2971.4285714285716,,600.0,
22582,Muruona,,,,,13714.285714285714,1106.1607005684436,284.8476856125544,0.0
22583,Tubungwalang,30.0,5.0,125.0,120.0,383.8095238095238,120.0,720.0,600.0
22584,Kalikur,0.0,0.0,0.0,0.0,714.2857142857143,18.43601167614073,47.47461426875907,0.0
22585,Muruona,0.0,0.0,0.0,0.0,13714.285714285714,1106.1607005684436,284.8476856125544,0.0
22587,Nubamado,1250.0,10.0,100.0,0.0,0.5714285714285714,120.0,0.0,0.0
22589,Nubamado,90.0,80.0,150.0,0.0,2908.5714285714284,480.0,1200.0,0.0
22591,Balauring,,,,,5142.857142857143,221.23214011368876,379.79691415007255,
22593,Bour,750.0,250.0,250.0,0.0,1057.1428571428573,60.0,48.0,0.0
22595,Balauring,,,,,2571.4285714285716,221.23214011368876,379.79691415007255,
22596,Balauring,,,,,1714.2857142857142,,379.79691415007255,
22597,Bour,0.0,0.0,0.0,0.0,428.57142857142856,0.0,0.0,0.0
22598,Balauring,,,,,8571.428571428572,,474.74614268759063,
22617,Merdeka,6.0,,,,321.7142857142857,,,
22618,Pada,0.0,1000.0,200.0,0.0,666.6666666666667,240.0,31.649742845839377,0.0
22619,Muruona,0.0,20.0,1.0,0.0,0.0,240.0,240.0,0.0
22620,Merdeka,,,4.5,3.5,214.28571428571428,,54.0,80.31417624521073
22621,Kalikur,0.0,0.0,500.0,0.0,457.1428571428571,147.48809340912584,0.0,15.325670498084293
22623,Pada,0.0,0.0,25.0,20.0,219.04761904761904,336.8720233522815,307.91243571145986,0.0
22624,Pada,500.0,25.0,25.0,200.0,785.7142857142858,120.0,240.0,24.0
22625,Kalikur,0.0,0.0,1000.0,0.0,214.28571428571428,73.74404670456292,12000.0,0.0
22626,Tubungwalang,,60.0,360.0,60.0,1142.857142857143,720.0,2400.0,720.0
22628,Mahal,0.0,0.0,300.0,10.0,285.7142857142857,0.0,60.0,0.0
22643,Pada,0.0,20.0,50.0,0.0,114.28571428571428,240.0,480.0,0.0
22644,Pada,,,40.0,0.0,57.14285714285714,36.0,151.64974284583937,7.662835249042146
22646,Dulitukan,,,,40.0,42.85714285714286,,18.989845707503626,240.0
22647,Dulitukan,,,,,714.2857142857143,,151.918765660029,
22648,Dulitukan,,,15.0,,428.57142857142856,,75.9593828300145,15.325670498084293
22651,Tubungwalang,200.0,10.0,5.0,0.0,5828.571428571428,3318.482101705331,0.0,0.0
22652,Dulitukan,,,,,142.85714285714286,,94.94922853751814,76.62835249042146
22653,Tubungwalang,0.0,20.0,50.0,5.0,2971.4285714285716,240.0,4397.9691415007255,180.0
22654,Tubungwalang,0.0,0.0,8.0,2.0,571.4285714285714,0.0,491.6217855729923,407.14176245210734
22655,Tubungwalang,0.0,120.0,120.0,120.0,3428.5714285714284,1661.2321401136887,1629.8984570750363,1623.9080459770116
22656,Dulitukan,,,150.0,,142.85714285714286,,180000.0,
22657,Dulitukan,,,100.0,,85.71428571428572,,108.0,61.30268199233717
22659,Muruona,0.0,0.0,180.0,240.0,2971.4285714285716,2880.0,28800.0,5760.0
22662,Tubuk Rajan,500.0,824.0,625.0,,360.0,144.0,240.0,
22663,Puor,,,,,8000.0,360.0,,0.0
22664,Puor,,,,,5714.285714285715,,569.6953712251088,
22666,Tubungwalang,,,50.0,,,,1391.2435711459846,
22667,Tubungwalang,0.0,3.0,5.0,2.0,1123.8095238095239,79.30803502842218,218.24871422919688,100.62835249042146
22669,Puor,,,,,4148.571428571428,,288.0,
22670,Tubungwalang,0.0,20.0,0.0,5.0,7619.047619047619,240.0,120.0,120.0
22673,Tubungwalang,0.0,0.0,1000.0,100.0,761.9047619047619,368.72023352281457,4800.0,600.0
22674,Tubungwalang,,,,,2857.1428571428573,,1008.0,
22676,Tubungwalang,5.0,0.0,0.0,0.0,1298.095238095238,0.0,0.0,0.0
22677,Tubungwalang,100.0,0.0,100.0,0.0,3961.9047619047624,120.0,600.0,0.0
22678,Tubungwalang,40.0,20.0,150.0,,365.71428571428567,,360.0,
22679,Tubungwalang,0.0,24.0,120.0,36.0,1828.5714285714284,221.23214011368876,1139.3907424502174,551.7241379310344
22680,Kalikur,0.0,0.0,0.0,0.0,261.9047619047619,55.30803502842219,237.37307134379532,0.0
22681,Pada,,1000.0,2000.0,0.0,3047.6190476190477,600.0,954.7461426875907,0.0
22682,Kalikur,0.0,0.0,50.0,0.0,619.047619047619,110.61607005684438,600.0,91.95402298850574
22683,Tubungwalang,0.0,0.0,72.0,0.0,123.80952380952382,0.0,983.2435711459846,24.0
22687,Kalikur,0.0,0.0,60.0,0.0,476.1904761904762,36.87202335228146,600.0,15.325670498084293
22688,Kalikur,0.0,0.0,280.0,0.0,342.8571428571429,18.43601167614073,3360.0,0.0
22690,Pada,,,,,495.2380952380953,18.43601167614073,31.649742845839377,0.0
22692,Nubamado,300.0,20.0,525.0,0.0,1177.1428571428573,240.0,600.0,0.0
22693,Pada,0.0,0.0,100.0,0.0,266.66666666666663,73.74404670456292,0.0,0.0
22694,Muruona,0.0,0.0,0.0,0.0,2857.1428571428573,720.0,480.0,0.0
22695,Muruona,0.0,20.0,0.0,0.0,5714.285714285715,240.0,1898.9845707503625,0.0
22696,Paubokol,2000.0,400.0,300.0,0.0,23942.85714285714,0.0,0.0,0.0
22697,Muruona,0.0,60.0,40.0,0.0,2857.1428571428573,720.0,960.0,0.0
22698,Paubokol,200.0,400.0,60.0,0.0,6857.142857142857,4800.0,720.0,0.0
22700,Puor,,,,,5262.857142857143,156.0,240.0,0.0
22701,Pada,,,,,142.85714285714286,18.43601167614073,31.649742845839377,0.0
22702,Pada,0.0,0.0,0.0,0.0,247.61904761904765,0.0,7.912435711459844,0.0
22703,Muruona,0.0,20.0,40.0,0.0,685.7142857142858,240.0,2278.7814849004353,0.0
22704,Puor,,,,,2674.285714285714,1728.0,864.0,
22705,Kalikur,0.0,0.0,120.0,0.0,809.5238095238094,73.74404670456292,0.0,30.651340996168585
22706,Kalikur,0.0,0.0,500.0,0.0,247.61904761904765,0.0,6243.299485691679,45.97701149425287
22707,Muruona,0.0,0.0,0.0,0.0,2857.1428571428573,0.0,379.79691415007255,0.0
22708,Pada,0.0,0.0,20.0,0.0,123.80952380952382,0.0,240.0,0.0
22709,Paubokol,2000.0,200.0,600.0,0.0,21714.285714285717,0.0,0.0,0.0
22710,Pada,,,,,285.7142857142857,12.0,0.0,0.0
22711,Hoelea I,0.0,0.0,42.0,0.0,714.2857142857143,36.87202335228146,60.0,30.651340996168585
22712,Muruona,0.0,80.0,100.0,0.0,1485.7142857142858,960.0,569.6953712251088,0.0
22713,Kalikur,0.0,0.0,200.0,0.0,761.9047619047619,0.0,240.0,0.0
22714,Lamatuka,100.0,0.0,100.0,0.0,4628.571428571428,0.0,1200.0,0.0
22715,Paubokol,0.0,0.0,0.0,0.0,5485.714285714286,0.0,0.0,0.0
22716,Muruona,0.0,0.0,100.0,0.0,10285.714285714286,0.0,1139.3907424502177,0.0
22717,Hoelea I,0.0,0.0,21.0,0.0,714.2857142857143,0.0,60.0,0.0
22718,Kalikur,0.0,8.0,200.0,0.0,571.4285714285714,72.0,2400.0,15.325670498084293
22719,Paubokol,720.0,1200.0,30.0,0.0,8971.42857142857,3600.0,360.0,0.0
22720,Hoelea I,0.0,0.0,29.0,0.0,714.2857142857143,0.0,84.0,30.651340996168585
22721,Paubokol,320.0,200.0,80.0,0.0,9782.857142857141,2400.0,960.0,0.0
22723,Bour,0.0,20.0,0.0,0.0,247.61904761904765,240.0,0.0,0.0
22724,Bour,100.0,100.0,350.0,0.0,600.0952380952381,300.0460900291904,1200.158248714229,0.0
22725,Bour,100.0,100.0,350.0,0.0,600.0,300.0,1200.0,0.0
22726,Bour,1500.0,25.0,0.0,0.0,1074.2857142857142,12.0,205.72332849795595,61.30268199233717
22727,Hoelea I,0.0,0.0,63.0,0.0,714.2857142857143,0.0,84.0,0.0
22728,Bour,720.0,960.0,500.0,0.0,600.2476190476191,180.0,24.0,0.0
22730,Hoelea I,0.0,0.0,42.0,0.0,357.14285714285717,0.0,36.0,0.0
22731,Tubungwalang,,5.0,250.0,50.0,405.7142857142857,60.0,720.0,96.0
22732,Puor,,,,,4400.0,600.0,720.0,0.0
22734,Muruona,0.0,100.0,120.0,0.0,6400.0,12000.0,144000.0,0.0
22735,Puor,,,,,1200.0,60.0,60.0,0.0
22736,Muruona,0.0,40.0,120.0,0.0,6400.0,480.0,1440.0,0.0
22737,Puor,,,,,2857.1428571428573,1440.0,1440.0,
22738,Puor,,,,,4320.0,720.0,732.0,0.0
22739,Paubokol,0.0,0.0,0.0,0.0,5200.0,442.4642802273775,0.0,0.0
22740,Kalikur,0.0,0.0,500.0,0.0,142.85714285714286,73.74404670456292,102.86166424897797,0.0
22741,Kalikur,0.0,10.0,80.0,5.0,857.1428571428571,120.0,960.0,60.0
22742,Kalikur,,,,,1857.142857142857,36.87202335228146,7200.0,0.0
22743,Kalikur,0.0,10.0,40.0,0.0,285.7142857142857,120.0,480.0,0.0
22744,Kalikur,,,,,142.85714285714286,27.654017514211095,2463.299485691679,0.0
22745,Paubokol,1000.0,200.0,200.0,0.0,10457.142857142857,2400.0,2400.0,0.0
22746,Riangbao,,,,,257.1428571428571,,1247.474614268759,
22747,Kalikur,0.0,0.0,80.0,0.0,809.5238095238094,73.74404670456292,960.0,0.0
22748,Kalikur,0.0,0.0,200.0,0.0,190.47619047619048,46.09002919035182,2400.0,0.0
22749,Bour,0.0,0.0,0.0,0.0,685.7142857142858,0.0,0.0,30.651340996168585
22751,Kalikur,0.0,0.0,0.0,0.0,396.19047619047626,55.30803502842219,118.68653567189766,0.0
22752,Kalikur,0.0,0.0,70.0,0.0,666.6666666666667,73.74404670456292,840.0,61.30268199233717
22753,Riangbao,,,,,704.7619047619047,73.74404670456292,63.299485691678754,
22754,Lolong,100.0,50.0,100.0,25.0,285.7142857142857,36.0,120.0,24.0
22755,Tubuk Rajan,125.0,250.0,500.0,250.0,512.3809523809523,144.0,240.0,144.0
22756,Lolong,200.0,100.0,200.0,25.0,322.8571428571429,48.0,120.0,24.0
22757,Lolong,240.0,0.0,240.0,0.0,363.8095238095238,24.0,60.0,0.0
22758,Pada,0.0,500.0,0.0,0.0,666.6666666666667,55.30803502842219,15.824871422919689,30.651340996168585
22759,Lolong,100.0,0.0,100.0,0.0,247.61904761904765,12.0,6.0,6.0
22760,Pada,,,,,266.66666666666663,36.87202335228146,0.0,0.0
22761,Lolong,0.0,0.0,15.0,2.0,142.85714285714286,0.0,180.0,24.0
22762,Puor,,,,,3440.0,0.0,0.0,0.0
22763,Pada,0.0,280.0,0.0,0.0,571.4285714285714,276.8720233522815,15.824871422919689,0.0
22764,Lamatuka,200.0,80.0,300.0,0.0,2085.7142857142853,960.0,3000.0,0.0
22765,Riangbao,,,,,309.5238095238095,92.18005838070364,474.74614268759063,
22766,Puor,,,,,1600.0,0.0,0.0,0.0
22768,Tubungwalang,0.0,0.0,250.0,5.0,2400.022857142857,0.0,0.0,0.0
22770,Lamatuka,50.0,25.0,250.0,0.0,1971.4285714285713,913.0803502842219,1859.3907424502177,0.0
22773,Lolong,0.0,0.0,8.0,20.0,345.5238095238095,0.0,96.0,0.0
22774,Tubungwalang,0.0,24.0,600.0,24.0,342.8571428571429,44.246428022737746,300.0,367.81609195402297
22775,Tubungwalang,0.0,0.0,2000.0,0.0,8571.428571428572,180.0,2160.0,180.0
22776,Tubungwalang,0.0,0.0,20.0,0.0,3200.0,2212.3214011368873,0.0,367.81609195402297
22777,Lolong,50.0,24.0,50.0,0.0,243.8095238095238,12.0,12.0,0.0
22778,Lolong,80.0,50.0,50.0,0.0,142.85714285714286,120.0,60.0,0.0
22781,Lolong,100.0,75.0,100.0,10.0,428.57142857142856,48.0,0.0,24.0
22782,Lolong,,,,,714.2857142857143,0.0,110.77409996043781,0.0
22783,Tubuk Rajan,350.0,,,,480.0,144.0,,
22784,Lolong,20.0,50.0,50.0,0.0,811.4285714285714,0.0,120.0,0.0
22785,Tubungwalang,0.0,0.0,300.0,0.0,457.1428571428571,0.0,0.0,0.0
22787,Lamatuka,0.0,50.0,0.0,0.0,8571.428571428572,784.3601167614072,94.94922853751814,0.0
22788,Lolong,0.0,30.0,20.0,0.0,580.952380952381,0.0,0.0,0.0
22789,Lolong,100.0,100.0,250.0,0.0,367.61904761904765,36.0,60.0,0.0
22790,Lolong,25.0,60.0,25.0,0.0,120.0,60.0,60.0,0.0
22791,Lolong,0.0,0.0,0.0,0.0,304.76190476190476,12.0,126.59897138335751,0.0
22792,Lamatuka,50.0,300.0,250.0,0.0,2314.285714285714,3600.0,3000.0,0.0
22793,Bour,0.0,50.0,280.0,0.0,619.047619047619,36.0,240.0,0.0
22794,Bour,0.0,100.0,10.0,0.0,571.4285714285714,120.0,24.0,120.0
22795,Lolong,0.0,3.0,10.0,0.0,666.6666666666667,36.0,120.0,0.0
22796,Lolong,0.0,10.0,0.0,0.0,142.85714285714286,60.0,79.12435711459844,0.0
22797,Lolong,240.0,240.0,240.0,0.0,382.8571428571429,240.0,240.0,0.0
22798,Lolong,50.0,75.0,10.0,0.0,202.85714285714286,360.0,120.0,0.0
22799,Tubuk Rajan,,,,,371.42857142857144,368.72023352281457,,
22800,Kalikur,0.0,0.0,0.0,0.0,476.1904761904762,0.0,886.1927996835025,45.97701149425287
22801,Kalikur,0.0,0.0,0.0,0.0,619.047619047619,0.0,0.0,0.0
22802,Lolong,30.0,20.0,30.0,0.0,142.85714285714286,60.0,180.0,0.0
22803,Lolong,100.0,30.0,50.0,0.0,326.66666666666663,0.0,24.0,0.0
22804,Labalimut,0.0,0.0,0.0,0.0,285.7142857142857,24.0,60.0,0.0
22805,PADA,0.0,0.0,0.0,0.0,371.42857142857144,0.0,237.37307134379532,0.0
22806,Lolong,0.0,3.0,0.0,0.0,285.7142857142857,36.0,24.0,0.0
22807,Kalikur,0.0,0.0,650.0,0.0,495.2380952380953,46.09002919035182,0.0,0.0
22808,Lolong,10.0,50.0,10.0,0.0,571.4285714285714,120.0,60.0,0.0
22809,Lolong,50.0,40.0,50.0,0.0,271.61904761904765,12.0,36.0,0.0
22810,Puor,0.0,0.0,0.0,0.0,4640.0,720.0,480.0,0.0
22812,Kalikur,0.0,0.0,0.0,0.0,666.6666666666667,0.0,189.89845707503628,38.31417624521073
22813,Bour,0.0,0.0,0.0,0.0,95.23809523809524,0.0,0.0,30.651340996168585
22814,Bour,0.0,0.0,0.0,0.0,619.047619047619,184.36011676140728,158.24871422919688,38.31417624521073
22815,Nubamado,100.0,0.0,15.0,0.0,4057.1523809523806,0.0,464.8476856125544,0.0
22816,Lolong,100.0,100.0,100.0,0.0,382.8571428571429,60.0,60.0,0.0
22817,Kalikur,0.0,0.0,150.0,0.0,123.80952380952382,294.9761868182517,0.0,76.62835249042146
22818,Lolong,0.0,4.0,4.0,4.0,666.6666666666667,6.0,6.0,6.0
22819,Lolong,10.0,10.0,25.0,0.0,307.61904761904765,24.0,120.0,0.0
22821,Merdeka,,,7.0,2.0,428.57142857142856,,131.47461426875907,24.0
22822,Kalikur,0.0,0.0,0.0,0.0,857.1428571428571,0.0,94.94922853751814,0.0
22823,Pada,0.0,0.0,0.0,0.0,352.38095238095235,0.0,79.12435711459844,153.25670498084293
22824,Lolong,20.0,1.0,10.0,0.0,247.61904761904765,24.0,75.82487142291968,0.0
22825,Bour,200.0,100.0,500.0,5.0,246.66666666666669,0.0,15.824871422919689,0.0
22826,Pada,0.0,200.0,100.0,0.0,66.66666666666666,36.0,12.012659897138334,0.0
22827,Kalikur,0.0,0.0,0.0,0.0,47.61904761904762,0.0,31.649742845839377,61.30268199233717
22828,Bour,0.0,75.0,0.0,0.0,271.42857142857144,0.0,0.0,0.0
22829,Lolong,0.0,0.0,0.0,0.0,238.0952380952381,0.0,0.0,0.0
22830,Kalikur,0.0,0.0,30.0,0.0,619.047619047619,73.74404670456292,360.0,0.0
22831,Dulitukan,,,50.0,,142.85714285714286,,600.0,
22832,Dulitukan,,,150.0,,714.2857142857143,,150.0,30.651340996168585
22833,Dulitukan,,,40.0,,285.7142857142857,,19.200000000000003,
22834,Bour,0.0,25.0,0.0,0.0,571.4285714285714,60.0,120.0,15.325670498084293
22835,Dulitukan,,,50.0,,428.57142857142856,,85.97969141500725,
22836,Tubuk Rajan,,,,,457.1428571428571,55.30803502842219,44.30963998417513,30.651340996168585
22837,Lamatuka,144.0,0.0,48.0,0.0,1971.4285714285713,0.0,619.7969141500726,0.0
22838,Tubuk Rajan,500.0,140.0,600.0,,692.3809523809523,240.0,144.0,
22839,Lamatuka,10.0,200.0,200.0,0.0,3548.5714285714284,2400.0,2400.0,0.0
22840,Dulitukan,,,87.5,,285.7142857142857,,134.47461426875907,
22841,Lamatuka,40.0,200.0,150.0,0.0,4289.523809523809,2400.0,1800.0,0.0
22842,Hoelea I,0.0,0.0,25.0,0.0,533.3333333333333,0.0,60.0,0.0
22844,Dulitukan,,,64.0,,714.2857142857143,,15.600000000000001,153.25670498084293
22845,Tubuk Rajan,500.0,100.0,100.0,100.0,512.3809523809523,96.0,84.0,48.0
22846,Lamatuka,100.0,500.0,280.0,5.0,2914.285714285714,6000.0,3360.0,60.0
22847,Hoelea I,0.0,0.0,42.0,0.0,142.85714285714286,0.0,36.0,0.0
22848,Hoelea I,0.0,0.0,21.0,0.0,428.57142857142856,0.0,84.0,0.0
22850,Hoelea I,0.0,0.0,83.0,0.0,428.57142857142856,0.0,84.0,30.651340996168585
22851,Hoelea I,0.0,0.0,25.0,0.0,285.7142857142857,0.0,120.0,30.651340996168585
22852,Hoelea I,0.0,0.0,0.0,0.0,142.85714285714286,0.0,31.649742845839377,30.651340996168585
22853,Hoelea I,0.0,0.0,46.0,0.0,285.7142857142857,0.0,60.0,0.0
22854,Hoelea I,0.0,0.0,42.0,0.0,28.57142857142857,0.0,48.0,0.0
22855,Hoelea I,0.0,0.0,42.0,0.0,428.57142857142856,0.0,120.0,0.0
22856,Hoelea I,0.0,0.0,42.0,0.0,428.57142857142856,0.0,84.0,0.0
22857,Hoelea I,0.0,5.0,84.0,5.0,428.57142857142856,12.0,60.0,0.0
22858,Hoelea I,0.0,0.0,25.0,0.0,285.7142857142857,0.0,84.0,0.0
22859,Hoelea I,0.0,3.0,42.0,5.0,142.85714285714286,36.0,60.0,36.0
22860,Hoelea I,0.0,0.0,71.0,0.0,357.14285714285717,0.0,211.64974284583937,0.0
22861,Hoelea I,0.0,0.0,33.0,5.0,357.14285714285717,0.0,180.0,36.0
22862,Hoelea I,0.0,0.0,83.0,0.0,1071.4285714285716,0.0,84.0,30.651340996168585
22863,Hoelea I,0.0,0.0,0.0,0.0,571.4285714285714,0.0,316.49742845839376,30.651340996168585
22864,Pada,,,,,357.14285714285717,0.0,0.0,30.651340996168585
22865,Puor,,,,,4388.571428571428,720.0,720.0,0.0
22866,Puor,,,,,3428.5714285714284,120.0,720.0,0.0
22867,Puor,,,,,1714.2857142857142,,1329.289199525254,
22868,Puor,,,,,745.7142857142858,60.0,120.0,
22869,Puor,,,,,3428.5714285714284,2400.0,1200.0,
22871,Muruona,0.0,0.0,40.0,20.0,2057.142857142857,0.0,480.0,240.0
22872,Muruona,0.0,20.0,0.0,0.0,6400.0,1478.8999846366569,0.0,0.0
22876,Muruona,0.0,20.0,160.0,0.0,3200.0,2212.3214011368873,960.0,0.0
22887,Benihading,0.0,0.0,16.7,0.0,142.85714285714286,0.0,36.0,0.0
22892,Benihading,0.0,20.8,29.1,4.1,285.7142857142857,0.0,48.0,24.0
22893,Benihading,0.0,5.0,100.0,0.0,190.47619047619048,12.0,199.20000000000002,0.0
22909,Muruona,0.0,60.0,20.0,0.0,4000.0,720.0,2460.0,0.0
22910,Bour,0.0,0.0,0.0,0.0,419.04761904761904,110.61607005684438,63.299485691678754,0.0
22911,Mahal,0.0,0.0,0.0,10.0,495.2380952380953,42.43601167614072,240.0,0.0
22912,Benihading,0.0,5.0,40.0,0.0,162.28571428571428,12.0,96.0,0.0
22913,Bour,0.0,0.0,0.0,0.0,685.7142857142858,221.23214011368876,23.737307134379535,0.0
22919,Bour,,0.0,1000.0,0.0,742.8571428571429,12.0,0.0,0.0
22920,Mahal,0.0,0.0,50.0,0.0,495.2380952380953,0.0,600.0,0.0
22926,Bour,0.0,0.0,0.0,0.0,133.33333333333331,0.0,31.649742845839377,0.0
22943,Benihading,15.0,5.0,20.0,0.0,315.42857142857144,48.0,240.0,0.0
22944,Bour,0.0,10.0,0.0,0.0,133.33333333333331,108.0,15.824871422919689,0.0
22953,Benihading,2.08,16.6,12.5,1.6,262.8571428571429,12.0,120.0,12.0
22962,Puor,,120.0,48.0,,3440.0,720.0,1440.0,
22963,Benihading,5.0,1.0,3.5,6.9,405.7142857142857,0.0,120.0,60.0
22964,Benihading,0.0,0.0,200.0,0.0,666.6666666666667,0.0,168.0,0.0
22970,Bour,0.0,0.0,0.0,0.0,285.7142857142857,0.0,0.0,0.0
22983,Benihading,50.0,0.0,20.0,0.0,525.7142857142858,0.0,48.0,0.0
22997,Ile Kimok,20.0,2.0,5.0,0.0,500.00000000000006,42.43601167614072,99.56217855729923,0.0
23017,Mahal,0.0,0.0,1000.0,0.0,1190.4761904761904,0.0,120.0,0.0
23048,Mahal,0.0,10.0,30.0,0.0,285.7142857142857,0.0,60.0,24.0
23058,Ile Kimok,30.0,5.0,10.0,5.0,743.8095238095239,106.09002919035183,199.12435711459847,98.31417624521072
23087,Riangbao,,250.0,250.0,,293.1428571428571,,240.0,
23088,Benihading,0.0,2.08,16.6,0.0,142.85714285714286,0.0,48.0,0.0
23089,Benihading,4.1,8.33,20.83,0.0,297.7142857142857,12.0,48.0,0.0
23090,Benihading,0.0,0.0,29.159999999999997,0.0,171.42857142857144,0.0,48.0,0.0
23091,Benihading,2.08,0.0,10.41,4.1,309.7142857142857,0.0,12.0,24.0
23100,Benihading,16.6,5.0,12.0,0.0,525.7142857142858,12.0,120.0,0.0
23111,Benihading,0.0,0.0,41.6,2.08,714.2857142857143,0.0,24.0,24.0
23112,Benihading,0.0,0.0,8.3,8.3,285.7142857142857,0.0,96.0,24.0
23113,Benihading,16.6,20.83,49.989999999999995,16.6,975.2380952380952,12.0,60.0,0.0
23114,Benihading,0.0,20.0,250.0,8.3,761.9047619047619,24.0,120.0,0.0
23118,Ile Kimok,40.0,8.0,5.0,3.0,492.3809523809524,96.0,60.0,36.0
23122,Ile Kimok,4.0,0.0,0.0,0.0,95.61904761904762,0.0,0.0,0.0
23141,Benihading,0.0,12.5,33.2,4.1,428.57142857142856,24.0,168.0,12.0
23143,Benihading,0.0,8.3,20.83,0.0,819.047619047619,12.0,48.0,0.0
23145,Ile Kimok,30.0,10.0,3.0,1.0,372.3809523809524,120.0,36.0,12.0
23146,Ile Kimok,20.0,5.0,10.0,5.0,47.61904761904762,0.0,0.0,0.0
23152,Puor,,,,,1834.2857142857142,,240.0,
23156,Wuakerong,20.0,8.0,500.0,0.0,0.0,144.0,2880.0,72.0
23160,Ile Kimok,20.0,1.0,10.0,1.0,254.28571428571428,12.0,120.0,12.0
23161,Ile Kimok,30.0,10.0,15.0,5.0,95.23809523809524,0.0,0.0,0.0
23164,Benihading,2.08,16.6,33.2,8.3,297.7142857142857,24.0,48.0,12.0
23167,Ile Kimok,30.0,5.0,7.0,5.0,47.61904761904762,0.0,0.0,0.0
23168,Bour,0.0,500.0,500.0,0.0,1071.4285714285716,0.0,0.0,229.8850574712644
23172,Ile Kimok,20.0,5.0,5.0,2.0,252.38095238095238,60.0,60.0,24.0
23174,Benihading,0.0,2.5,4.1,10.0,214.28571428571428,36.0,24.0,0.0
23175,Benihading,0.0,4.1,16.6,4.1,300.0,12.0,48.0,12.0
23177,Ile Kimok,3.0,2.0,4.0,2.0,47.61904761904762,0.0,0.0,0.0
23178,Wuakerong,0.0,350.0,500.0,0.0,2857.1428571428573,4200.0,6000.0,0.0
23181,Muruona,0.0,60.0,30.0,0.0,3200.0,720.0,360.0,0.0
23182,Ile Kimok,40.0,3.0,5.0,2.0,494.2857142857143,36.0,60.0,24.0
23183,Wuakerong,0.0,500.0,0.0,0.0,10011.428571428572,6000.0,288.0,0.0
23184,Muruona,0.0,100.0,100.0,0.0,960.0,60.0,1655.1470394303046,0.0
23186,Tubuk Rajan,175.0,,125.0,,84.0,,48.0,
23187,Ile Kimok,20.0,5.0,10.0,5.0,76.19047619047619,0.0,0.0,0.0
23192,Ile Kimok,15.0,5.0,10.0,5.0,304.76190476190476,0.0,0.0,0.0
23193,Benihading,4.2,6.7,33.0,8.3,317.06666666666666,12.0,120.0,12.0
23198,Muruona,0.0,0.0,50.0,0.0,2971.4285714285716,612.0,612.0,0.0
23203,Tubungwalang,,,,,1622.857142857143,720.0,1440.0,720.0
23205,Wuakerong,0.0,1500.0,1000.0,0.0,5371.428571428571,0.0,0.0,0.0
23207,Watodiri,0.0,40.0,150.0,3.0,266.66666666666663,96.0,369.8984570750363,12.0
23211,Bour,0.0,25.0,70.0,0.0,619.047619047619,0.0,0.0,0.0
23212,Muruona,0.0,0.0,40.0,0.0,3714.285714285714,0.0,489.8984570750362,0.0
23213,Watodiri,0.0,50.0,100.0,0.0,385.7142857142858,36.0,618.7461426875907,0.0
23214,Watodiri,0.0,50.0,250.0,0.0,571.4285714285714,48.0,72.0,0.0
23216,Watodiri,0.0,100.0,350.0,0.0,219.04761904761904,96.0,72.0,0.0
23218,Todanara,0.0,0.0,150.0,0.0,266.66666666666663,0.0,240.0,0.0
23219,Tubungwalang,,,,,0.0,0.0,720.0,720.0
23221,Todanara,0.0,0.0,10.0,0.0,285.7142857142857,0.0,120.0,15.325670498084293
23222,Wuakerong,0.0,40.0,70.0,0.0,4285.714285714286,480.0,859.7969141500724,45.97701149425287
23225,Wuakerong,0.0,0.0,0.0,0.0,6857.142857142857,1106.1607005684436,949.4922853751813,0.0
23226,Tubungwalang,,10.0,50.0,5.0,61.90476190476191,60.0,218.24871422919688,48.0
23228,Laranwutun,,1.5,1.5,,285.7142857142857,18.0,18.0,
23230,Puor,,,,,8600.0,240.0,480.0,0.0
23231,Wuakerong,,,,,3428.5714285714284,0.0,949.4922853751813,551.7241379310344
23232,Laranwutun,,2.0,13.0,2.0,357.14285714285717,618.4360116761408,223.12435711459847,24.0
23233,Tubungwalang,240.0,0.0,400.0,0.0,7641.904761904762,884.928560454755,5158.781484900435,551.7241379310344
23234,Wuakerong,0.0,0.0,0.0,0.0,5485.714285714286,921.8005838070363,1265.989713833575,459.7701149425288
23235,Watodiri,0.0,50.0,100.0,0.0,161.9047619047619,24.0,36.0,0.0
23236,Watodiri,0.0,50.0,60.0,0.0,214.28571428571428,36.0,48.0,0.0
23237,Watodiri,0.0,50.0,250.0,0.0,266.66666666666663,60.0,254.77409996043784,0.0
23238,Watodiri,0.0,60.0,360.0,0.0,314.2857142857143,48.0,120.0,0.0
23239,Watodiri,0.0,0.0,0.0,0.0,666.6666666666667,0.0,0.0,0.0
23240,Watodiri,0.0,40.0,120.0,0.0,571.4285714285714,48.0,143.73730713437953,0.0
23243,Tubungwalang,0.0,3.0,15.0,0.0,190.47619047619048,0.0,237.37307134379532,38.31417624521073
23244,Watodiri,0.0,60.0,140.0,0.0,285.7142857142857,36.0,127.38704998021892,0.0
23245,Watodiri,0.0,45.0,335.0,0.0,428.57142857142856,48.0,163.12435711459844,0.0
23246,Watodiri,0.0,60.0,350.0,0.0,571.4285714285714,60.0,72.0,0.0
23247,Puor,,,,,4628.571428571428,720.0,240.0,0.0
23248,Watodiri,0.0,0.0,50.0,0.0,571.4285714285714,0.0,24.0,0.0
23249,Laranwutun,,600.0,34.0,,142.85714285714286,7200.0,384.0,
23250,Watodiri,0.0,55.0,350.0,0.0,28.57142857142857,24.0,72.0,0.0
23251,Watodiri,0.0,40.0,300.0,0.0,185.71428571428572,24.0,48.0,0.0
23252,Watodiri,0.0,60.0,410.0,0.0,304.76190476190476,48.0,108.0,0.0
23253,Watodiri,0.0,45.0,200.0,0.0,295.23809523809524,24.0,151.12435711459844,0.0
23254,Watodiri,0.0,35.0,180.0,0.0,214.28571428571428,24.0,72.0,0.0
23255,Wuakerong,0.0,540.0,840.0,0.0,4000.0,1659.2410508526655,902.0176711064223,45.97701149425287
23256,Watodiri,0.0,0.0,0.0,0.0,304.76190476190476,0.0,44.30963998417513,0.0
23257,Watodiri,0.0,40.0,320.0,0.0,314.2857142857143,36.0,163.12435711459844,0.0
23258,Watodiri,0.0,35.0,150.0,0.0,314.2857142857143,79.30803502842218,75.82487142291968,0.0
23259,Watodiri,0.0,45.0,160.0,0.0,571.4285714285714,48.0,139.64974284583937,0.0
23261,Watodiri,0.0,37.0,200.0,0.0,266.66666666666663,72.0,60.0,0.0
23262,Watodiri,0.0,35.0,160.0,20.0,238.0952380952381,36.0,48.0,0.0
23264,Wuakerong,0.0,0.0,350.0,0.0,7428.571428571428,184.36011676140728,4200.0,0.0
23265,Watodiri,0.0,0.0,0.0,0.0,247.61904761904765,36.0,31.649742845839377,0.0
23266,Watodiri,0.0,50.0,100.0,0.0,380.95238095238096,24.0,55.64974284583937,0.0
23267,Watodiri,0.0,25.0,200.0,0.0,104.76190476190476,48.0,15.824871422919689,0.0
23268,Watodiri,0.0,25.0,50.0,0.0,285.7142857142857,36.0,36.0,0.0
23270,Watodiri,0.0,30.0,110.0,0.0,428.57142857142856,24.0,161.93907424502174,0.0
23274,Pada,,,,,428.57142857142856,0.0,0.0,0.0
23276,Puor,,,,,4571.428571428572,720.0,1152.0,720.0
23277,Tubuk Rajan,400.0,500.0,500.0,50.0,1089.5238095238094,84.0,240.0,48.0
23279,Puor,,,,,6857.142857142857,1440.0,1440.0,
23283,Puor,,,,,1714.2857142857142,442.4642802273775,189.89845707503628,
23284,Puor,,60.0,40.0,,8342.857142857141,720.0,189.89845707503628,
23285,Laranwutun,,,250.0,,288.57142857142856,,79.12435711459844,
23286,Wuakerong,0.0,0.0,0.0,0.0,7428.571428571428,0.0,158.24871422919688,0.0
23289,Tubuk Rajan,250.0,100.0,300.0,,360.0190476190476,84.0,180.0,
23290,Benihading,6.25,0.0,8.2,16.6,465.1428571428571,0.0,48.0,12.0
23291,Laranwutun,,30.0,200.0,,285.7142857142857,324.0,2160.0,
23292,Benihading,0.0,41.6,41.6,0.0,185.71428571428572,24.0,144.0,0.0
23293,Benihading,4.1,4.1,166.6,0.0,381.14285714285717,0.0,96.0,0.0
23294,Benihading,2.5,8.3,41.66,12.5,458.57142857142856,24.0,96.0,24.0
23297,Benihading,6.25,8.3,25.0,16.6,178.85714285714286,48.0,96.0,36.0
23298,Tagawiti,,,8.0,,285.7142857142857,,36.0,
23299,Mahal,50.0,0.0,5.0,0.0,0.0,0.0,1800.0,0.0
23300,Tagawiti,,,,,238.0952380952381,184.36011676140728,,153.25670498084293
23301,Tagawiti,,,1.0,,95.23809523809524,,,
23302,Mahal,10.0,7.0,7.0,7.0,142.85714285714286,84.0,84.0,84.0
23303,Mahal,30.0,0.0,1.0,0.0,0.0,0.0,0.0,0.0
23305,Mahal,0.0,4.0,10.0,0.0,525.7142857142858,12.0,120.0,0.0
23307,Mahal,0.0,0.0,0.0,0.0,252.38095238095238,0.0,0.0,0.0
23308,Mahal,0.0,1.0,5.0,0.0,142.85714285714286,0.0,0.0,0.0
23309,Mahal,20.0,2.0,3.0,6.0,240.0,0.0,0.0,0.0
23310,Mahal,0.0,0.0,5.0,0.0,285.7142857142857,48.00737440467046,60.0,48.0
23311,Laranwutun,,55.0,63.0,,72.01904761904763,772.3601167614072,1060.4974284583939,
23312,Laranwutun,,,719.0,,1319.2380952380952,184.36011676140728,,
23314,Dulitukan,,,,,571.4285714285714,,170.90861136753264,
23315,Dulitukan,,,45.0,,285.7142857142857,,62.18984570750362,153.25670498084293
23316,Dulitukan,,,25.0,,285.7142857142857,,100.91938283001451,61.30268199233717
23318,Dulitukan,,,75.0,,100.0,,716.9695371225109,
23328,Laranwutun,,50.0,110.0,1.0,1333.3333333333335,,,
23329,Laranwutun,,5.0,75.0,1.0,617.3333333333334,24.0,451.79691415007255,24.0
23353,Wuakerong,0.0,0.0,0.0,0.0,6857.142857142857,331.8482101705331,1898.9845707503625,919.5402298850576
23369,Laranwutun,,30.0,17.0,,142.85714285714286,360.0,192.0,
23370,Tagawiti,,,40.0,,619.047619047619,,240.0,122.60536398467434
23372,Wuakerong,0.0,200.0,300.0,6.0,4571.428571428572,2400.0,3600.0,72.0
23373,Tagawiti,,,1.5,,333.33333333333337,0.0,15.824871422919689,0.0
23374,Tagawiti,,,2.0,,95.23809523809524,,24.659897138335754,165.25670498084293
23375,Puor,,,,,3320.0,,120.0,
23376,Puor,,,,,1840.0,120.0,120.0,
23382,Laranwutun,,50.0,300.0,100.0,369.7142857142857,,,
23383,Laranwutun,,150.0,20.0,5.0,247.61904761904765,1800.0,240.0,60.0
23384,Laranwutun,,50.0,15.0,10.0,666.6666666666667,1200.0,360.0,120.0
23385,Laranwutun,,120.0,67.0,2.0,171.42857142857144,1440.0,843.2994856916787,24.0
23387,Todanara,0.0,0.0,100.0,0.0,257.1428571428571,0.0,1200.0,91.95402298850574
23390,Todanara,0.0,0.0,1200.0,372.0,266.66666666666663,0.0,240.0,0.0
23392,Todanara,0.0,0.0,100.0,0.0,128.57142857142856,0.0,240.0,0.0
23393,Dikesare,,,,,638.0952380952381,,79.12435711459844,45.97701149425287
23394,Dikesare,50.0,0.0,2.0,0.0,,,,
23396,Tagawiti,,,,,714.2857142857143,,37.97969141500725,
23397,Tagawiti,,,1.5,,142.85714285714286,,12.0,
23398,Waienga,0.0,0.0,20.0,0.0,285.7142857142857,55.30803502842219,60.0,0.0
23399,Labalimut,600.0,100.0,410.0,65.0,761.9047619047619,72.0,60.0,72.0
23400,Tagawiti,,10.0,50.0,,14.285714285714285,,240.0,
23401,Laranwutun,,10.0,95.0,,666.6666666666667,60.0,84.0,
23404,Hoelea I,0.0,0.0,208.0,0.0,714.2857142857143,0.0,120.0,45.97701149425287
23405,Hoelea I,65.0,5.0,25.0,0.0,608.5714285714286,36.0,120.0,0.0
23406,Hoelea I,17.0,5.0,25.0,0.0,500.0,36.0,120.0,0.0
23407,Tagawiti,,,,,142.85714285714286,,37.97969141500725,
23408,Waienga,0.0,0.0,60.0,0.0,38.57142857142857,0.0,0.0,0.0
23409,Tagawiti,,,25.0,,295.23809523809524,,12.0,
23410,Waienga,0.0,0.0,1000.0,0.0,285.7142857142857,0.0,5136.0,0.0
23411,Laranwutun,,13.0,535.0,,285.7142857142857,144.0,84.0,90.65134099616859
23412,Waienga,0.0,0.0,0.0,0.0,282.85714285714283,147.48809340912584,37.97969141500725,0.0
23413,Laranwutun,,150.0,167.0,5.0,428.57142857142856,1800.0,2320.497428458394,60.0
23414,Waienga,0.0,0.0,5000.0,0.0,742.8571428571429,18.43601167614073,24.0,0.0
23415,Tagawiti,,,2.0,,14.285714285714285,,,
23416,Dikesare,20.0,,,,40.0,,,
23418,Laranwutun,,7.0,200.0,75.0,571.4285714285714,,288.0,180.0
23419,Waienga,0.0,0.0,0.0,0.0,142.85714285714286,0.0,205.72332849795595,0.0
23420,Waienga,0.0,0.0,70.0,0.0,295.2380952380952,73.74404670456292,84.0,0.0
23421,Waienga,0.0,0.0,100.0,0.0,400.0,0.0,31.649742845839377,0.0
23422,Waienga,0.0,0.0,240.0,0.0,371.42857142857144,184.36011676140728,36.0,0.0
23423,Laranwutun,,20.0,4.0,,185.71428571428572,72.0,59.47461426875907,45.97701149425287
23427,Tagawiti,,,,,714.2857142857143,,,
23428,Waienga,0.0,0.0,200.0,0.0,714.2857142857143,0.0,24.0,0.0
23432,Laranwutun,,,,,333.33333333333337,,,
23433,Laranwutun,,40.0,25.0,,564.5714285714287,,,38.31417624521073
23434,Tagawiti,,,16.0,,,,36.0,
23436,Tubungwalang,0.0,0.0,20.0,4.0,533.3333333333333,0.0,0.0,61.30268199233717
23437,Tagawiti,,,,,428.57142857142856,,,
23439,Waienga,0.0,0.0,60.0,0.0,428.57142857142856,0.0,47.47461426875907,0.0
23441,Laranwutun,,90.0,4.5,,238.0952380952381,24.0,,
23442,Laranwutun,,60.0,50.0,,198.09523809523807,,,
23443,Waienga,0.0,50.0,50.0,0.0,428.57142857142856,0.0,60.0,0.0
23445,Lamatuka,50.0,500.0,100.0,0.0,14314.285714285714,6000.0,1200.0,0.0
23447,Lamatuka,0.0,0.0,0.0,0.0,5142.857142857143,44.246428022737746,0.0,0.0
23448,Waienga,0.0,7.0,170.0,0.0,71.42857142857143,84.0,0.0,61.30268199233717
23449,Lamatuka,0.0,500.0,350.0,0.0,1714.2857142857142,0.0,3600.0,0.0
23450,Dulitukan,,,90.0,,42.85714285714286,,,
23451,Lamatuka,50.0,200.0,100.0,0.0,5742.857142857143,2400.0,1200.0,0.0
23452,Lamatuka,0.0,0.0,0.0,0.0,3428.5714285714284,88.49285604547549,569.6953712251088,1275.0957854406129
23453,Lamatuka,0.0,150.0,850.0,0.0,3428.5714285714284,0.0,3000.0,0.0
23454,Hoelea I,0.0,0.0,17.0,0.0,357.14285714285717,0.0,183.29948569167874,0.0
23455,Hoelea I,0.0,0.0,25.0,0.0,285.7142857142857,0.0,60.0,0.0
23456,Hoelea I,0.0,0.0,42.0,0.0,214.28571428571428,0.0,84.0,0.0
23457,Hoelea I,0.0,0.0,50.0,0.0,428.57142857142856,0.0,120.0,0.0
23458,Hoelea I,0.0,10.0,125.0,0.0,500.0,60.0,120.0,0.0
23459,Dulitukan,,,56.0,,428.57142857142856,,672.0,
23460,Lamatuka,0.0,300.0,500.0,0.0,3785.1428571428573,3600.0,3000.0,0.0
23462,Lamatuka,0.0,200.0,200.0,0.0,6857.142857142857,2400.0,2400.0,0.0
23463,Wuakerong,0.0,0.0,400.0,0.0,3428.5714285714284,0.0,0.0,0.0
23467,Wuakerong,50.0,25.0,300.0,0.0,3651.4285714285716,300.0,3600.0,0.0
23468,Puor,,,480.0,,2645.714285714286,420.0,120.0,
23469,Laranwutun,,67.0,100.0,,60.0,804.0,1140.0,
23470,Dulitukan,,,6.0,,428.57142857142856,,72.0,
23473,Wuakerong,0.0,0.0,0.0,0.0,3428.5714285714284,0.0,2468.6799419754716,367.81609195402297
23474,Waienga,0.0,0.0,100.0,0.0,285.7142857142857,0.0,36.0,0.0
23475,Merdeka,,,8.0,4.0,95.23809523809524,,72.0,60.0
23476,Laranwutun,,7.0,135.0,,714.2857142857143,120.0,158.24871422919688,30.651340996168585
23477,Wuakerong,30.0,40.0,10.0,0.0,7217.142857142857,480.0,120.0,30.651340996168585
23478,Katakeja,200.0,50.0,70.0,7.0,380.95238095238096,0.0,36.0,0.0
23479,Merdeka,,,10.0,,666.6666666666667,,84.0,
23480,Wuakerong,0.0,2016.0,0.0,0.0,3428.5714285714284,24192.0,949.4922853751813,183.90804597701148
23483,Dulitukan,,,90.0,,428.57142857142856,,1080.0,
23484,Katakeja,50.0,15.0,100.0,0.0,240.01904761904763,60.0,384.0,0.0
23485,Dulitukan,,,0.0,,571.4285714285714,46.09002919035182,170.90861136753264,
23487,Tagawiti,,,25.0,,285.7142857142857,,36.0,
23488,Tagawiti,,,,,457.1428571428571,,,
23489,Tagawiti,,,,,476.1904761904762,,,
23490,Merdeka,,,12.0,10.0,666.6666666666667,,120.0,96.0
23491,Laranwutun,,5.0,,,786.2857142857142,600.0,110.77409996043781,
23492,Laranwutun,,,3.0,,733.3333333333334,,39.56217855729922,
23493,Tagawiti,,,25.0,,333.33333333333337,,120.0,
23494,Laranwutun,,,16.0,,571.4285714285714,,240.0,
23495,Tagawiti,,,83.0,,161.9047619047619,,300.0,
23496,Tagawiti,,,,,266.66666666666663,,,
23498,Tagawiti,,,20.0,,571.4285714285714,,240.0,
23499,Tagawiti,,,,,266.66666666666663,,,
23500,Laranwutun,,,,,333.33333333333337,,237.37307134379532,
23507,Merdeka,,,125.0,,190.47619047619048,,240.0,
23511,Merdeka,20.0,,16.6,6.0,382.8571428571429,,199.20000000000002,72.0
23559,Puor,,,,,971.4285714285713,553.0803502842218,,
23574,Muruona,0.0,1000.0,60.0,20.0,533.3333333333333,0.0,398.24871422919693,240.0
23578,Waienga,0.0,400.0,1400.0,0.0,385.7142857142858,60.0,24.0,0.0
23579,Waienga,0.0,0.0,0.0,0.0,809.5238095238096,5.530803502842218,126.59897138335751,0.0
23596,Waienga,0.0,0.0,300.0,0.0,447.61904761904765,36.87202335228146,55.387049980218904,0.0
23608,Muruona,0.0,0.0,40.0,0.0,4800.0,120.0,2278.7814849004353,120.0
23615,Tubuk Rajan,150.0,200.0,50.0,,514.2857142857143,120.0,180.0,
23621,Waienga,0.0,10.0,10.0,0.0,247.61904761904765,12.0,240.0,0.0
23626,Katakeja,,,,,95.23809523809524,0.0,0.0,15.325670498084293
23630,Muruona,0.0,100.0,40.0,0.0,8228.571428571428,1200.0,1239.593828300145,0.0
23634,Dulitukan,,,30.0,,142.85714285714286,,454.94922853751814,
23636,Muruona,0.0,20.0,400.0,0.0,3200.0,240.0,4800.0,0.0
23639,Katakeja,30.0,0.0,12.0,0.0,0.0,96.0,0.0,0.0
23644,Paubokol,0.0,0.0,0.0,0.0,0.0,0.0,0.0,0.0
23661,Waienga,0.0,10.0,0.0,0.0,571.4285714285714,12.0,240.0,0.0
23663,Dulitukan,,,60.0,,285.7142857142857,,135.9593828300145,
23668,Laranwutun,,,,,247.61904761904765,184.36011676140728,,
23676,Katakeja,0.0,0.0,0.0,0.0,480.0,230.61607005684436,360.0,0.0
23684,Muruona,60.0,20.0,1000.0,0.0,5142.857142857143,0.0,1629.8984570750363,0.0
23689,Katakeja,100.0,0.0,500.0,0.0,85.71428571428572,0.0,0.0,0.0
23697,Waienga,100.0,0.0,100.0,0.0,428.57142857142856,18.43601167614073,110.77409996043781,15.325670498084293
23704,Lamatuka,0.0,0.0,400.0,0.0,10285.714285714286,1106.1607005684436,2160.0,76.62835249042146
23706,Tubuk Rajan,,,,,,,,
23707,Mahal,10.0,3.0,6.0,0.0,120.0,36.0,72.0,0.0
23710,Mahal,0.0,10.0,10.0,5.0,400.0,60.0,60.0,36.0
23714,Mahal,0.0,10.0,300.0,0.0,171.42857142857144,0.0,120.0,0.0
23716,Mahal,0.0,0.0,600.0,0.0,142.85714285714286,0.0,0.0,0.0
23727,Lamatuka,300.0,300.0,300.0,0.0,10457.142857142857,3600.0,3600.0,0.0
23731,Mahal,0.0,4.0,1000.0,0.0,142.85714285714286,0.0,0.0,0.0
23733,Mahal,0.0,1.0,90.0,0.0,142.85714285714286,0.0,0.0,0.0
23734,Mahal,0.0,0.0,50.0,5.0,142.85714285714286,0.0,0.0,0.0
23737,Lamatuka,100.0,200.0,1000.0,0.0,9771.428571428572,2400.0,6000.0,0.0
23739,Lamatuka,0.0,120.0,80.0,0.0,4285.714285714286,840.0,960.0,0.0
23741,Tagawiti,,,,,142.85714285714286,,126.59897138335751,
23750,Lamatuka,0.0,0.0,0.0,0.0,5714.285714285715,0.0,0.0,183.90804597701148
23751,Lamatuka,0.0,480.0,400.0,0.0,5142.857142857143,730.4642802273775,477.8984570750362,183.90804597701148
23752,Lamatuka,0.0,0.0,0.0,0.0,3085.7142857142862,442.4642802273775,379.79691415007255,0.0
23753,Mahal,0.0,10.0,0.0,0.0,714.2857142857143,0.0,189.89845707503628,0.0
23754,Tagawiti,,,,,285.7142857142857,,,61.30268199233717
23755,Lamatuka,10.0,150.0,100.0,0.0,10405.714285714286,1800.0,1200.0,0.0
23758,Muruona,0.0,0.0,0.0,0.0,7657.142857142857,0.0,987.4719767901886,0.0
23761,Tubuk Rajan,400.0,200.0,300.0,,664.7619047619047,84.0,180.0,
23783,Lamatuka,200.0,200.0,150.0,0.0,5828.571428571428,2400.0,1800.0,0.0
23785,Mahal,0.0,0.0,0.0,0.0,571.4285714285714,36.87202335228146,0.0,0.0
23787,Muruona,0.0,100.0,40.0,0.0,6400.0,1200.0,379.79691415007255,0.0
23792,Muruona,0.0,400.0,1000.0,0.0,4800.0,0.0,720.0,0.0
23802,Lamatuka,,200.0,350.0,0.0,6857.142857142857,7009.002919035182,4200.0,0.0
23808,Mahal,,,,,809.5238095238094,0.0,47.47461426875907,0.0
23824,Bour,0.0,50.0,750.0,0.0,371.42857142857144,60.0,23.737307134379535,0.0
23836,Lamatuka,0.0,0.0,375.0,0.0,3428.5714285714284,184.36011676140728,4500.0,76.62835249042146
23845,Tagawiti,,,20.0,,247.61904761904765,,158.24871422919688,
23855,Tagawiti,,,,,285.7142857142857,,,
23872,Lamatuka,0.0,150.0,430.0,0.0,8571.428571428572,6224.6428022737755,5160.0,76.62835249042146
23884,Merdeka,,5.0,,,285.7142857142857,60.0,55.387049980218904,
23885,Paubokol,400.0,80.0,600.0,0.0,5971.428571428571,960.0,2400.0,0.0
23886,Lamatuka,120.0,50.0,550.0,0.0,3428.5714285714284,600.0,1800.0,0.0
23887,Mahal,0.0,0.0,0.0,0.0,285.7142857142857,36.87202335228146,47.47461426875907,0.0
23890,Mahal,0.0,0.0,500.0,0.0,142.85714285714286,0.0,120.0,0.0
23894,Lamatuka,0.0,240.0,0.0,0.0,5142.857142857143,1872.0,0.0,0.0
23895,Merdeka,,,4.25,1.0,71.42857142857143,,51.0,12.0
23896,Todanara,0.0,0.0,100.0,0.0,304.76190476190476,0.0,1200.0,0.0
23900,Muruona,,,,,4114.285714285714,480.0,695.756296980087,0.0
23901,Tagawiti,,,,,142.85714285714286,73.74404670456292,,61.30268199233717
23903,Todanara,0.0,0.0,620.0,0.0,285.7142857142857,18.43601167614073,7440.0,0.0
23906,Waienga,0.0,0.0,1000.0,0.0,252.38095238095238,92.18005838070364,0.0,0.0
23907,Tagawiti,,,50.0,,142.85714285714286,,120.0,
23908,Tagawiti,,,,,285.7142857142857,,31.649742845839377,153.25670498084293
23911,Todanara,0.0,0.0,302.0,0.0,304.76190476190476,0.0,1272.0,0.0
23915,Muruona,0.0,200.0,50.0,0.0,6171.4285714285725,2400.0,840.0,0.0
23916,Muruona,0.0,40.0,50.0,0.0,6171.4285714285725,480.0,1080.0,0.0
23951,Waienga,0.0,0.0,750.0,0.0,285.7142857142857,0.0,0.0,0.0
23992,Dikesare,,,,,142.85714285714286,,,
24007,Dikesare,,,30.0,,61.90476190476191,147.48809340912584,,
24015,Dikesare,,,,,66.66666666666666,12.0,24.0,
24024,Dikesare,,,,,266.66666666666663,,31.649742845839377,15.325670498084293
24058,Merdeka,,41.5,25.0,16.0,476.1904761904762,48.0,36.0,24.0
24070,Waienga,150.0,0.0,300.0,0.0,0.0,0.0,0.0,0.0
24074,Waienga,0.0,0.0,300.0,0.0,438.0952380952381,0.0,360.0,0.0
24075,Waienga,0.0,0.0,30.0,0.0,192.8571428571429,0.0,94.94922853751814,0.0
24076,Wuakerong,0.0,45.0,70.0,0.0,3771.4285714285716,2309.85712090951,1029.8984570750363,1471.2643678160919
24077,Wuakerong,0.0,7560.0,400.0,0.0,11657.142857142857,90720.0,4800.0,183.90804597701148
24078,Wuakerong,12.5,104.0,78.6,0.0,664.2857142857142,1248.0,943.1999999999999,0.0
24079,Wuakerong,500.0,624.0,500.0,0.0,9428.57142857143,7488.0,6000.0,0.0
24080,Waienga,0.0,0.0,0.0,0.0,714.2857142857143,55.30803502842219,0.0,0.0
24083,Tubuk Rajan,150.0,250.0,250.0,,541.9047619047619,120.0,240.0,
24092,Waienga,0.0,60.0,120.0,0.0,285.7142857142857,6.0,132.0,0.0
24113,Dulitukan,,,0.0,,71.42857142857143,,,15.325670498084293
24116,Dulitukan,,,0.0,,142.85714285714286,,18.989845707503626,
24119,Dulitukan,,,100.0,,85.71428571428572,,,61.30268199233717
24120,Dulitukan,,,0.0,0.0,71.42857142857143,,18.989845707503626,
24123,Ile Kimok,30.0,2.0,5.0,1.0,802.8571428571428,42.43601167614072,139.12435711459844,27.32567049808429
24124,Merdeka,2.5,3.33,,,696.6666666666667,,39.96,
24139,Ile Kimok,20.0,2.0,2.0,1.0,252.38095238095238,24.0,24.0,12.0
24140,Ile Kimok,20.0,1.0,2.0,1.0,252.38095238095238,24.0,24.0,12.0
24141,Ile Kimok,30.0,2.0,2.0,2.0,375.23809523809524,24.0,24.0,24.0
24143,Ile Kimok,30.0,0.0,1.0,0.0,372.3809523809524,0.0,12.0,0.0
24144,Ile Kimok,30.0,5.0,5.0,1.0,360.0,24.0,24.0,12.0
24149,Ile Kimok,20.0,1.0,1.0,1.0,254.28571428571428,24.0,24.0,12.0
24155,Ile Kimok,20.0,2.0,2.0,1.0,538.0952380952381,42.43601167614072,39.824871422919685,27.32567049808429
24156,Ile Kimok,40.0,1.0,4.0,0.0,0.0,0.0,0.0,0.0
24157,Ile Kimok,50.0,1.0,3.0,3.0,922.8571428571428,0.0,0.0,0.0
24162,Waienga,0.0,0.0,120.0,0.0,171.42857142857144,0.0,24.0,0.0
24163,Ile Kimok,10.0,5.0,10.0,5.0,114.28571428571428,0.0,0.0,0.0
24164,Ile Kimok,20.0,2.0,5.0,1.0,47.61904761904762,18.43601167614073,0.0,15.325670498084293
24166,Merdeka,,4.0,8.0,,666.6666666666667,,,
24169,Ile Kimok,20.0,2.0,2.0,1.0,240.0,24.0,24.0,12.0
24229,Tubuk Rajan,,,,,,,,
24231,Tubuk Rajan,35.0,50.0,100.0,,420.0,1200.0,600.0,
24232,Tubuk Rajan,125.0,25.0,,,,,,
24233,Tubuk Rajan,,,,,,,,
24234,Tubuk Rajan,,,,,,,,
24235,Tubuk Rajan,,,,,,,,
24236,Tubuk Rajan,,,,,,,,
24237,Tubuk Rajan,,,,,,,,
24238,Tubuk Rajan,400.0,,,,500.0,,,
24239,Tubuk Rajan,,,,,,,,
24240,Tubuk Rajan,350.0,250.0,150.0,,525.7142857142858,,120.0,
24241,Tubuk Rajan,216.0,500.0,100.0,,419.04761904761904,,,
24261,Todanara,0.0,0.0,1050.0,0.0,257.1428571428571,0.0,1800.0,0.0
24269,Todanara,0.0,50.0,300.0,0.0,266.66666666666663,600.0,3600.0,0.0
24272,Merdeka,,8.0,10.0,,285.7142857142857,60.0,96.0,
24280,Merdeka,,,,,714.2857142857143,,,
24305,Wuakerong,100.0,50.0,50.0,0.0,6857.142857142857,0.0,0.0,45.97701149425287
24308,Mahal,0.0,0.0,5000.0,0.0,285.7142857142857,36.87202335228146,1582.4871422919691,30.651340996168585
24310,Todanara,0.0,0.0,0.0,0.0,71.42857142857143,0.0,158.24871422919688,0.0
24318,Wuakerong,0.0,48.0,33.0,0.0,3428.5714285714284,576.0,396.0,61.30268199233717
24319,Merdeka,5.0,10.0,7.0,,726.6666666666667,96.87202335228145,84.0,
24320,Merdeka,83.0,9.0,12.0,,906.6666666666667,60.0,144.0,
24321,Wuakerong,0.0,0.0,0.0,0.0,6857.142857142857,884.928560454755,1139.3907424502177,0.0
24322,Wuakerong,0.0,4.0,3.0,0.8,1714.2857142857142,48.0,36.0,9.600000000000001
24323,Wuakerong,0.0,0.0,0.0,0.0,400.0,0.0,94.94922853751814,0.0
24324,Wuakerong,,,,,3428.5714285714284,2212.3214011368873,3797.969141500725,919.5402298850576
24325,Wuakerong,50.0,50.0,200.0,10.0,1714.2857142857142,0.0,0.0,0.0
24326,Wuakerong,0.0,0.0,0.0,0.0,6857.142857142857,2212.3214011368873,189.89845707503628,0.0
24329,Ile Kimok,30.0,2.0,4.0,2.0,571.4285714285714,0.0,0.0,0.0
24330,Katakeja,0.0,0.0,0.0,0.0,214.28571428571428,0.0,31.649742845839377,0.0
24331,Katakeja,575.0,0.0,2900.0,0.0,19.047619047619047,96.0,0.0,0.0
24332,Bour,0.0,0.0,0.0,0.0,666.6666666666667,60.0,55.387049980218904,0.0
24339,Katakeja,250.0,0.0,500.0,0.0,71.42857142857143,0.0,0.0,0.0
24340,Labalimut,0.0,100.0,350.0,0.0,333.33333333333337,60.0,120.0,0.0
24341,Labalimut,200.0,145.0,150.0,36.0,311.42857142857144,36.0,120.0,24.0
24342,Katakeja,0.0,0.0,250.0,0.0,19.047619047619047,600.0,0.0,0.0
24343,Puor,,,,,6020.0,960.0,600.0,0.0
24345,Merdeka,2.5,,2.5,1.5,166.85714285714286,,30.0,18.0
24346,Merdeka,,,,,428.57142857142856,18.43601167614073,15.824871422919689,
24347,Merdeka,,,,,142.85714285714286,,,
24348,Dikesare,,,,,171.42857142857144,18.43601167614073,15.824871422919689,
24350,Dikesare,,,4.0,,66.66666666666666,,,
24353,Dikesare,,,,,800.0,36.87202335228146,615.8248714229197,
24355,Dikesare,,,50.0,,47.61904761904762,36.87202335228146,,15.325670498084293
24356,Dikesare,,,,,600.0,,126.59897138335751,30.651340996168585
24357,Dikesare,,,50.0,,285.7142857142857,,,7.662835249042146
24359,Dikesare,15.0,,10.0,,400.0,,,
24360,Dikesare,20.0,,25.0,,571.4285714285714,,,
24367,Todanara,1500.0,0.0,750.0,0.0,304.76190476190476,1200.0,9000.0,0.0
24369,Merdeka,,,30.0,,142.85714285714286,,360.0,
24370,Labalimut,6.0,10.0,10.0,3.0,214.85714285714286,120.0,120.0,36.0
24371,Merdeka,4.0,,5.0,1.0,619.4285714285714,,48.0,12.0
24372,Merdeka,,20.0,25.0,,142.85714285714286,96.87202335228145,84.0,
24381,Todanara,0.0,0.0,0.0,0.0,5085.714285714285,0.0,12189.898457075036,76.62835249042146
24385,Dikesare,,,,,0.05714285714285715,,,
24386,Dikesare,,,50.0,,66.66666666666666,36.87202335228146,12.0,
24388,Todanara,0.0,0.0,0.0,0.0,619.047619047619,0.0,79.12435711459844,0.0
24395,Todanara,0.0,0.0,50.0,0.0,304.76190476190476,0.0,600.0,0.0
24399,Dikesare,,1.0,50.0,,0.009523809523809525,,,
24412,Todanara,0.0,0.0,50.0,0.0,266.66666666666663,129.0520817329851,237.37307134379532,15.325670498084293
24413,Mahal,0.0,0.0,20.0,3.0,357.14285714285717,0.0,0.0,48.0
24414,Merdeka,250.0,20.0,49.900000000000006,,262.8571428571429,96.0,108.0,
24415,Merdeka,,,5.0,,142.85714285714286,27.654017514211095,60.0,15.325670498084293
24416,Merdeka,,,,,190.47619047619048,,31.649742845839377,
24417,Merdeka,5.0,,6.6,,583.8095238095239,,79.19999999999999,
24419,Merdeka,7.5,,20.0,,100.0,,84.0,120.0
24424,Todanara,1000.0,150.0,1000.0,0.0,369.7142857142857,0.0,96.0,0.0
24428,Todanara,0.0,0.0,500.0,0.0,428.57142857142856,36.87202335228146,6000.0,91.95402298850574
24444,Katakeja,250.0,200.0,0.0,0.0,440.95238095238096,0.0,6360.0,0.0
24448,Katakeja,200.0,450.0,350.0,0.0,142.85714285714286,0.0,60.0,0.0
24454,Katakeja,,,,,0.0,540.0,0.0,0.0
24486,Tubuk Rajan,,,20.0,,152.38095238095238,,240.0,
24487,Dikesare,500.0,,,,266.66666666666663,,,15.325670498084293
24488,Tubuk Rajan,,,,,285.7142857142857,,,
24490,Tubuk Rajan,,,,,,,,
24500,Ile Kimok,20.0,1.0,2.0,1.0,304.76190476190476,0.0,0.0,0.0
24504,Katakeja,0.0,0.0,450.0,0.0,695.2380952380952,12000.0,600.0,0.0
24505,Katakeja,0.0,0.0,50.0,0.0,857.1428571428571,36.0,0.0,60.0
24510,Merdeka,,,,,428.57142857142856,,,
24519,Waienga,0.0,0.0,30.0,0.0,152.38095238095238,0.0,120.0,15.325670498084293
24577,Waienga,0.0,0.0,0.0,0.0,323.8095238095238,36.87202335228146,0.0,0.0
24587,Labalimut,0.0,20.0,5.0,40.0,285.7142857142857,12.0,6.0,48.0
24596,Merdeka,4.1,3.0,41.0,,315.8666666666667,36.0,492.0,
24598,Paubokol,0.0,720.0,90.0,0.0,7428.571428571428,4800.0,1080.0,0.0
24606,Paubokol,300.0,0.0,150.0,0.0,11028.571428571428,0.0,1800.0,0.0
24611,Dikesare,50.0,,60.0,,57.14285714285714,,,
24612,Dikesare,,,,,380.95238095238096,,63.299485691678754,30.651340996168585
24613,Dikesare,,,,,0.01904761904761905,24.0,120.0,12.0
24617,Dikesare,7.0,,4.0,,173.33333333333334,18.43601167614073,24.0,15.325670498084293
24634,Muruona,0.0,200.0,750.0,0.0,6400.0,0.0,9000.0,0.0
24635,Katakeja,0.0,0.0,0.0,0.0,0.1142857142857143,368.72023352281457,0.0,0.0
24636,Katakeja,300.0,960.0,107.0,0.0,571.4285714285714,0.0,0.0,0.0
24649,Dikesare,,,3.0,,266.66666666666663,,,
24659,Muruona,0.0,0.0,80.0,0.0,2057.142857142857,221.23214011368876,1149.8984570750363,0.0
24662,Muruona,0.0,40.0,60.0,0.0,6400.0,480.0,909.8984570750363,0.0
24663,Ile Kimok,50.0,2.0,4.0,2.0,47.61904761904762,0.0,0.0,0.0
24689,Katakeja,0.0,0.0,0.0,0.0,190.47619047619048,0.0,0.0,0.0
24690,Katakeja,,,,,704.7619047619047,92.18005838070364,79.12435711459844,0.0
24691,Katakeja,0.0,0.0,0.0,0.0,2400.0,0.0,6000.0,3000.0
24692,Katakeja,500.0,0.0,500.0,0.0,600.0,12092.180058380703,300.0,0.0
24708,Dikesare,,,20.0,,57.14285714285714,,,
24709,Dikesare,,,,,,18.43601167614073,47.47461426875907,15.325670498084293
24710,Dikesare,,,,,133.33333333333331,,1200.0,
24713,Mahal,0.0,0.0,210.0,0.0,714.2857142857143,36.0,240.0,36.0
24714,Katakeja,,,,,247.61904761904765,18.43601167614073,94.94922853751814,0.0
24715,Katakeja,1000.0,200.0,1500.0,25.0,285.7142857142857,0.0,0.0,0.0
24716,Katakeja,0.0,48.0,0.0,0.0,4285.714285714286,0.0,79.12435711459844,0.0
24718,Katakeja,,,,,190.47619047619048,0.0,0.0,0.0
24720,Katakeja,0.0,0.0,250.0,0.0,219.04761904761904,0.0,0.0,0.0
24739,Katakeja,0.0,4500.0,1670.0,300.0,19.047619047619047,2400000.0,0.0,0.0
24746,Katakeja,250.0,750.0,1000.0,0.0,360.0,0.0,0.0,0.0
24760,Dulitukan,,,,,714.2857142857143,,20.572332849795593,61.30268199233717
24765,Katakeja,4000.0,250.0,200.0,0.0,380.95238095238096,0.0,0.0,0.0
24766,Katakeja,0.0,60.0,200.0,0.0,0.014285714285714287,0.0,0.0,0.0
24767,Katakeja,0.0,250.0,650.0,0.0,47.61904761904762,0.0,0.0,0.0
24798,Todanara,0.0,25.0,100.0,0.0,295.23809523809524,0.0,1200.0,300.0
24799,Todanara,0.0,0.0,150000.0,0.0,438.0952380952381,18.43601167614073,1800.0,30.651340996168585
24801,Todanara,0.0,50.0,80.0,0.0,152.38095238095238,0.0,120.0,0.0
24802,Dikesare,,,,,266.66666666666663,18.43601167614073,,15.325670498084293
24803,Mahal,,,,,142.85714285714286,36.0,168.0,36.0
24866,Todanara,300.0,100.0,200.0,0.0,790.4761904761905,1200.0,480.0,0.0
24867,Todanara,150.0,100.0,500.0,0.0,392.38095238095235,120.0,240.0,0.0
24869,Todanara,0.0,0.0,0.0,0.0,304.76190476190476,0.0,6.0,0.0
24887,Labalimut,50.0,30.0,140.0,0.0,266.66666666666663,0.0,0.0,0.0
24957,Todanara,300.0,0.0,400.0,0.0,1271.4285714285713,0.0,2400.0,0.0
